state,value
GA,9.685439618
HI,1.623990521
ID,2.004800091
IL,0.053899876
IN,8.768107675
IA,9.251645153
KS,3.290801757
KY,9.765306063
LA,1.641941334
ME,1.102384332
MD,8.204005113
MA,5.047500415