state,value
GA,6.312136301
HI,7.816185949
ID,7.382640017
IL,2.028600241
IN,4.586006059
IA,4.329115815
KS,5.083961855
KY,9.362315765
LA,8.76444825
ME,0.862956358
MD,4.133548166
MA,4.68721454